repeat,rows,width,dtype,family,norm,input_bytes,weight_bytes,inference_baseline_bytes,inference_peak_increment_bytes,inference_temporary_estimate_bytes,training_baseline_bytes,training_forward_increment_bytes,training_forward_peak_increment_bytes,training_peak_increment_bytes,training_absolute_peak_bytes,training_max_reserved_bytes,gradient_bytes,saved_unique_storage_bytes,saved_additional_storage_bytes
0,1,1024,bfloat16,eager,rmsnorm,2048,2048,6144,16384,14336,6144,14848,18944,32256,38400,2097152,4096,12292,12292
1,512,1024,float32,native,rmsnorm,2097152,4096,4198400,2099200,2048,4198400,2099200,2099200,6298624,10497024,46137344,2101248,2103296,2048
0,4096,4096,float32,native,layernorm,67108864,16384,134234112,67141632,32768,134234112,67141632,67141632,201376768,335610880,1298137088,67125248,67158016,32768
1,32,1024,float32,compiled,rmsnorm,131072,4096,266240,131072,0,266240,131584,131584,398848,665088,4194304,135168,135296,128
0,512,8192,bfloat16,eager,rmsnorm,8388608,16384,16793600,50364416,41975808,16793600,41977856,58755072,92343296,109136896,362807296,8404992,33589248,33589248
0,32,4096,float32,native,layernorm,524288,16384,1064960,525312,1024,1064960,525312,525312,1591296,2656256,10485760,540672,540928,256
0,1,1024,float32,compiled,layernorm,4096,4096,12288,4096,0,12288,5120,5120,18432,30720,2097152,8192,8200,8
0,32,4096,float32,compiled,rmsnorm,524288,16384,1064960,524288,0,1064960,524800,524800,1590784,2655744,10485760,540672,540800,128
0,512,8192,float32,eager,layernorm,16777216,32768,33587200,50331648,33554432,33587200,50333696,50333696,100699136,134286336,371195904,16809984,33589248,33556480
0,4096,4096,bfloat16,native,layernorm,33554432,8192,67117056,33587200,32768,67117056,33587200,33587200,234913792,302030848,1331691520,33562624,33595392,32768
0,32,8192,float32,native,rmsnorm,1048576,32768,2129920,1049088,512,2129920,1049088,1049088,3180032,5309952,31457280,1081344,1081472,128
1,512,4096,bfloat16,compiled,layernorm,4194304,8192,8396800,4194304,0,8396800,4198400,4198400,29364224,37761024,144703488,4202496,4206592,4096
1,1,8192,bfloat16,native,rmsnorm,16384,16384,49152,16896,512,49152,16896,16896,115200,164352,2097152,32768,32772,4
0,32,4096,float32,eager,layernorm,524288,16384,1064960,1572864,1048576,1064960,1573376,1573376,3163648,4228608,10485760,540672,1065088,1048704
1,32,1024,float32,compiled,layernorm,131072,4096,266240,131072,0,266240,132096,132096,399360,665600,4194304,135168,135424,256
1,1,4096,bfloat16,eager,rmsnorm,8192,8192,24576,65536,57344,24576,57856,74240,124416,148992,2097152,16384,49156,49156
1,512,4096,float32,native,rmsnorm,8388608,16384,16793600,8390656,2048,16793600,8390656,8390656,25185280,41978880,144703488,8404992,8407040,2048
0,4096,8192,bfloat16,native,rmsnorm,67108864,16384,134234112,67125248,16384,134234112,67125248,67125248,469778432,604012544,2216689664,67125248,67141632,16384
0,32,1024,bfloat16,compiled,layernorm,65536,2048,133120,65536,0,133120,66560,66560,459776,592896,4194304,67584,67840,256
0,512,4096,bfloat16,native,rmsnorm,4194304,8192,8396800,4196352,2048,8396800,4196352,4196352,29362176,37758976,127926272,4202496,4204544,2048
0,4096,4096,float32,eager,rmsnorm,67108864,16384,134234112,134217728,67108864,134234112,134234112,134234112,379618816,513852928,1409286144,67125248,134250496,67125248
0,4096,4096,bfloat16,eager,layernorm,33554432,8192,67117056,201342976,167788544,67117056,167804928,234913792,413189632,480306688,1644167168,33562624,134250496,134250496
1,512,8192,float32,compiled,layernorm,16777216,32768,33587200,16777216,0,33587200,16781312,16781312,50369536,83956736,304087040,16809984,16814080,4096
0,4096,4096,bfloat16,compiled,rmsnorm,33554432,8192,67117056,33554432,0,67117056,33570816,33570816,234897408,302014464,1197473792,33562624,33579008,16384
0,32,4096,bfloat16,native,rmsnorm,262144,8192,532480,262656,512,532480,262656,262656,1835520,2368000,8388608,270336,270464,128
1,512,8192,float32,compiled,rmsnorm,16777216,32768,33587200,16777216,0,33587200,16779264,16779264,50367488,83954688,270532608,16809984,16812032,2048
0,32,1024,bfloat16,native,rmsnorm,65536,2048,133120,66048,512,133120,66048,66048,459264,592384,2097152,67584,67712,128
0,4096,8192,float32,native,layernorm,134217728,32768,268468224,134250496,32768,268468224,134250496,134250496,402719744,671187968,2418016256,134250496,134283264,32768
1,32,1024,bfloat16,eager,rmsnorm,65536,2048,133120,397312,331776,133120,332288,463360,730624,863744,2097152,67584,266368,266368
0,4096,4096,bfloat16,eager,rmsnorm,33554432,8192,67117056,201342976,167788544,67117056,167804928,234913792,413189632,480306688,1509949440,33562624,134250496,134250496
0,32,8192,bfloat16,eager,layernorm,524288,16384,1064960,3178496,2654208,1064960,2654720,3703296,5834240,6899200,31457280,540672,2130048,2130048
0,512,1024,float32,native,rmsnorm,2097152,4096,4198400,2099200,2048,4198400,2099200,2099200,6298624,10497024,46137344,2101248,2103296,2048
1,32,4096,float32,eager,rmsnorm,524288,16384,1064960,1048576,524288,1064960,1049088,1049088,2639360,3704320,10485760,540672,1065088,524416
0,1,4096,bfloat16,compiled,rmsnorm,8192,8192,24576,8192,0,24576,8704,8704,57856,82432,2097152,16384,16388,4
0,32,8192,bfloat16,eager,rmsnorm,524288,16384,1064960,3178496,2654208,1064960,2654720,3703296,5834240,6899200,31457280,540672,2130048,2130048
1,512,8192,float32,eager,layernorm,16777216,32768,33587200,50331648,33554432,33587200,50333696,50333696,100699136,134286336,371195904,16809984,33589248,33556480
0,512,4096,bfloat16,compiled,rmsnorm,4194304,8192,8396800,4194304,0,8396800,4196352,4196352,29362176,37758976,127926272,4202496,4204544,2048
1,1,8192,bfloat16,eager,layernorm,16384,16384,49152,131072,114688,49152,115200,147968,247296,296448,2097152,32768,98308,98308
1,1,4096,float32,compiled,layernorm,16384,16384,49152,16384,0,49152,17408,17408,67584,116736,2097152,32768,32776,8
0,1,4096,float32,eager,layernorm,16384,16384,49152,49152,32768,49152,49664,49664,116224,165376,2097152,32768,49156,32772
0,1,1024,float32,native,rmsnorm,4096,4096,12288,4608,512,12288,4608,4608,17920,30208,2097152,8192,8196,4
1,4096,8192,float32,native,rmsnorm,134217728,32768,268468224,134234112,16384,268468224,134234112,134234112,402703360,671171584,2149580800,134250496,134266880,16384
0,4096,1024,bfloat16,eager,rmsnorm,8388608,2048,16779264,50335744,41947136,16779264,41963520,58740736,125855232,142634496,413138944,8390656,33574912,33574912
0,32,1024,float32,native,rmsnorm,131072,4096,266240,131584,512,266240,131584,131584,398848,665088,4194304,135168,135296,128
1,4096,4096,float32,eager,layernorm,67108864,16384,134234112,201326592,134217728,134234112,201342976,201342976,446727680,580961792,1610612736,67125248,134250496,134234112
1,1,4096,float32,eager,layernorm,16384,16384,49152,49152,32768,49152,49664,49664,116224,165376,2097152,32768,49156,32772
0,4096,8192,bfloat16,eager,layernorm,67108864,16384,134234112,402685952,335577088,134234112,335593472,469811200,784418304,918652416,3021996032,67125248,268484608,268484608
1,32,1024,float32,eager,layernorm,131072,4096,266240,393216,262144,266240,393728,393728,792064,1058304,4194304,135168,266368,262272
0,512,1024,bfloat16,native,rmsnorm,1048576,2048,2099200,1050624,2048,2099200,1050624,1050624,7342080,9441280,52428800,1050624,1052672,2048
0,512,1024,bfloat16,eager,layernorm,1048576,2048,2099200,6295552,5246976,2099200,5249024,7346176,11545600,13644800,52428800,1050624,4200448,4200448
0,4096,8192,bfloat16,compiled,rmsnorm,67108864,16384,134234112,67108864,0,134234112,67125248,67125248,469778432,604012544,2216689664,67125248,67141632,16384
1,512,1024,float32,compiled,layernorm,2097152,4096,4198400,2097152,0,4198400,2101248,2101248,6300672,10499072,46137344,2101248,2105344,4096
0,1,8192,float32,native,rmsnorm,32768,32768,98304,33280,512,98304,33280,33280,132608,230912,2097152,65536,65540,4
1,512,4096,bfloat16,native,rmsnorm,4194304,8192,8396800,4196352,2048,8396800,4196352,4196352,29362176,37758976,127926272,4202496,4204544,2048
0,32,8192,bfloat16,compiled,rmsnorm,524288,16384,1064960,524288,0,1064960,524800,524800,3670528,4735488,27262976,540672,540800,128
0,1,1024,bfloat16,native,rmsnorm,2048,2048,6144,2560,512,6144,2560,2560,14848,20992,2097152,4096,4100,4
1,32,8192,bfloat16,eager,rmsnorm,524288,16384,1064960,3178496,2654208,1064960,2654720,3703296,5834240,6899200,31457280,540672,2130048,2130048
1,32,4096,float32,native,rmsnorm,524288,16384,1064960,524800,512,1064960,524800,524800,1590784,2655744,10485760,540672,540800,128
0,32,1024,float32,eager,layernorm,131072,4096,266240,393216,262144,266240,393728,393728,792064,1058304,4194304,135168,266368,262272
0,4096,8192,float32,compiled,rmsnorm,134217728,32768,268468224,134217728,0,268468224,134234112,134234112,402703360,671171584,2149580800,134250496,134266880,16384
1,1,8192,bfloat16,compiled,layernorm,16384,16384,49152,16384,0,49152,17408,17408,115712,164864,2097152,32768,32776,8
1,1,1024,float32,eager,layernorm,4096,4096,12288,12288,8192,12288,12800,12800,30208,42496,2097152,8192,12292,8196
0,1,8192,bfloat16,native,layernorm,16384,16384,49152,17408,1024,49152,17408,17408,115712,164864,2097152,32768,32776,8
1,1,4096,bfloat16,compiled,rmsnorm,8192,8192,24576,8192,0,24576,8704,8704,57856,82432,2097152,16384,16388,4
0,32,1024,float32,eager,rmsnorm,131072,4096,266240,262144,131072,266240,262656,262656,660992,927232,4194304,135168,266368,131200
0,4096,8192,float32,eager,layernorm,134217728,32768,268468224,402653184,268435456,268468224,402669568,402669568,851494400,1119962624,3001024512,134250496,268484608,268451840
0,1,4096,bfloat16,eager,rmsnorm,8192,8192,24576,65536,57344,24576,57856,74240,124416,148992,2097152,16384,49156,49156
1,1,8192,float32,compiled,layernorm,32768,32768,98304,32768,0,98304,33792,33792,133120,231424,2097152,65536,65544,8
1,1,4096,float32,compiled,rmsnorm,16384,16384,49152,16384,0,49152,16896,16896,67072,116224,2097152,32768,32772,4
1,1,1024,bfloat16,eager,rmsnorm,2048,2048,6144,16384,14336,6144,14848,18944,32256,38400,2097152,4096,12292,12292
0,4096,4096,float32,compiled,layernorm,67108864,16384,134234112,67108864,0,134234112,67141632,67141632,201376768,335610880,1298137088,67125248,67158016,32768
0,1,4096,float32,native,rmsnorm,16384,16384,49152,16896,512,49152,16896,16896,67072,116224,2097152,32768,32772,4
0,4096,4096,float32,native,rmsnorm,67108864,16384,134234112,67125248,16384,134234112,67125248,67125248,201360384,335594496,1163919360,67125248,67141632,16384
0,4096,1024,float32,native,rmsnorm,16777216,4096,33558528,16793600,16384,33558528,16793600,16793600,50353152,83911680,337641472,16781312,16797696,16384
1,1,1024,float32,native,rmsnorm,4096,4096,12288,4608,512,12288,4608,4608,17920,30208,2097152,8192,8196,4
0,32,4096,float32,compiled,layernorm,524288,16384,1064960,524288,0,1064960,525312,525312,1591296,2656256,10485760,540672,540928,256
1,4096,4096,float32,native,layernorm,67108864,16384,134234112,67141632,32768,134234112,67141632,67141632,201376768,335610880,1298137088,67125248,67158016,32768
0,512,8192,float32,native,layernorm,16777216,32768,33587200,16781312,4096,33587200,16781312,16781312,50369536,83956736,304087040,16809984,16814080,4096
0,512,8192,bfloat16,compiled,rmsnorm,8388608,16384,16793600,8388608,0,16793600,8390656,8390656,58722304,75515904,295698432,8404992,8407040,2048
1,1,8192,float32,native,rmsnorm,32768,32768,98304,33280,512,98304,33280,33280,132608,230912,2097152,65536,65540,4
1,4096,4096,bfloat16,native,layernorm,33554432,8192,67117056,33587200,32768,67117056,33587200,33587200,234913792,302030848,1331691520,33562624,33595392,32768
0,4096,8192,bfloat16,native,layernorm,67108864,16384,134234112,67141632,32768,134234112,67141632,67141632,469794816,604028928,2485125120,67125248,67158016,32768
0,32,8192,float32,native,layernorm,1048576,32768,2129920,1049600,1024,2129920,1049600,1049600,3180544,5310464,31457280,1081344,1081600,256
0,512,1024,float32,compiled,layernorm,2097152,4096,4198400,2097152,0,4198400,2101248,2101248,6300672,10499072,46137344,2101248,2105344,4096
0,512,1024,float32,native,layernorm,2097152,4096,4198400,2101248,4096,4198400,2101248,2101248,6300672,10499072,46137344,2101248,2105344,4096
1,512,1024,bfloat16,eager,layernorm,1048576,2048,2099200,6295552,5246976,2099200,5249024,7346176,11545600,13644800,52428800,1050624,4200448,4200448
1,512,4096,bfloat16,native,layernorm,4194304,8192,8396800,4198400,4096,8396800,4198400,4198400,29364224,37761024,144703488,4202496,4206592,4096
0,1,4096,float32,native,layernorm,16384,16384,49152,17408,1024,49152,17408,17408,67584,116736,2097152,32768,32776,8
1,512,4096,float32,eager,rmsnorm,8388608,16384,16793600,16777216,8388608,16793600,16779264,16779264,41962496,58756096,153092096,8404992,16795648,8390656
1,1,8192,bfloat16,native,layernorm,16384,16384,49152,17408,1024,49152,17408,17408,115712,164864,2097152,32768,32776,8
1,4096,1024,bfloat16,native,layernorm,8388608,2048,16779264,8421376,32768,16779264,8421376,8421376,58753024,75532288,396361728,8390656,8423424,32768
0,32,1024,float32,native,layernorm,131072,4096,266240,132096,1024,266240,132096,132096,399360,665600,4194304,135168,135424,256
0,32,1024,bfloat16,native,layernorm,65536,2048,133120,66560,1024,133120,66560,66560,459776,592896,4194304,67584,67840,256
0,512,8192,bfloat16,eager,layernorm,8388608,16384,16793600,50364416,41975808,16793600,41977856,58755072,92343296,109136896,396361728,8404992,33589248,33589248
1,1,1024,float32,compiled,layernorm,4096,4096,12288,4096,0,12288,5120,5120,18432,30720,2097152,8192,8200,8
1,4096,8192,bfloat16,compiled,layernorm,67108864,16384,134234112,67108864,0,134234112,67141632,67141632,469794816,604028928,2485125120,67125248,67158016,32768
1,512,1024,bfloat16,native,rmsnorm,1048576,2048,2099200,1050624,2048,2099200,1050624,1050624,7342080,9441280,52428800,1050624,1052672,2048
1,32,8192,bfloat16,native,layernorm,524288,16384,1064960,525312,1024,1064960,525312,525312,3671040,4736000,27262976,540672,540928,256
0,1,1024,bfloat16,eager,layernorm,2048,2048,6144,16384,14336,6144,14848,18944,32256,38400,2097152,4096,12292,12292
1,1,8192,bfloat16,compiled,rmsnorm,16384,16384,49152,16384,0,49152,16896,16896,115200,164352,2097152,32768,32772,4
0,1,1024,bfloat16,compiled,layernorm,2048,2048,6144,2048,0,6144,3072,3072,15360,21504,2097152,4096,4104,8
1,1,4096,float32,eager,rmsnorm,16384,16384,49152,32768,16384,49152,33280,33280,99840,148992,2097152,32768,49156,16388
1,32,1024,bfloat16,eager,layernorm,65536,2048,133120,397312,331776,133120,332288,463360,730624,863744,4194304,67584,266368,266368
1,32,1024,float32,native,layernorm,131072,4096,266240,132096,1024,266240,132096,132096,399360,665600,4194304,135168,135424,256
0,512,1024,bfloat16,eager,rmsnorm,1048576,2048,2099200,6295552,5246976,2099200,5249024,7346176,11545600,13644800,52428800,1050624,4200448,4200448
0,1,8192,float32,compiled,rmsnorm,32768,32768,98304,32768,0,98304,33280,33280,132608,230912,2097152,65536,65540,4
1,512,8192,bfloat16,native,layernorm,8388608,16384,16793600,8392704,4096,16793600,8392704,8392704,58724352,75517952,329252864,8404992,8409088,4096
1,1,8192,float32,native,layernorm,32768,32768,98304,33792,1024,98304,33792,33792,133120,231424,2097152,65536,65544,8
0,32,1024,bfloat16,eager,rmsnorm,65536,2048,133120,397312,331776,133120,332288,463360,730624,863744,2097152,67584,266368,266368
0,32,4096,bfloat16,eager,rmsnorm,262144,8192,532480,1589248,1327104,532480,1327616,1851904,2917888,3450368,8388608,270336,1065088,1065088
1,4096,1024,bfloat16,compiled,layernorm,8388608,2048,16779264,8388608,0,16779264,8421376,8421376,58753024,75532288,396361728,8390656,8423424,32768
1,32,8192,bfloat16,compiled,rmsnorm,524288,16384,1064960,524288,0,1064960,524800,524800,3670528,4735488,27262976,540672,540800,128
0,4096,1024,bfloat16,compiled,layernorm,8388608,2048,16779264,8388608,0,16779264,8421376,8421376,58753024,75532288,396361728,8390656,8423424,32768
0,4096,1024,float32,eager,layernorm,16777216,4096,33558528,50331648,33554432,33558528,50348032,50348032,134239744,167798272,421527552,16781312,33574912,33570816
0,32,8192,float32,eager,layernorm,1048576,32768,2129920,3145728,2097152,2129920,3146240,3146240,6325760,8455680,31457280,1081344,2130048,2097280
1,512,8192,bfloat16,eager,rmsnorm,8388608,16384,16793600,50364416,41975808,16793600,41977856,58755072,92343296,109136896,362807296,8404992,33589248,33589248
0,1,4096,bfloat16,compiled,layernorm,8192,8192,24576,8192,0,24576,9216,9216,58368,82944,2097152,16384,16392,8
0,512,1024,float32,eager,layernorm,2097152,4096,4198400,6291456,4194304,4198400,6293504,6293504,12590080,16788480,46137344,2101248,4200448,4196352
1,4096,8192,bfloat16,eager,layernorm,67108864,16384,134234112,402685952,335577088,134234112,335593472,469811200,784418304,918652416,3021996032,67125248,268484608,268484608
0,1,4096,bfloat16,native,rmsnorm,8192,8192,24576,8704,512,24576,8704,8704,57856,82432,2097152,16384,16388,4
1,4096,1024,float32,compiled,rmsnorm,16777216,4096,33558528,16777216,0,33558528,16793600,16793600,50353152,83911680,337641472,16781312,16797696,16384
0,1,1024,float32,eager,layernorm,4096,4096,12288,12288,8192,12288,12800,12800,30208,42496,2097152,8192,12292,8196
0,512,4096,bfloat16,eager,layernorm,4194304,8192,8396800,25182208,20987904,8396800,20989952,29378560,46173184,54569984,153092096,4202496,16795648,16795648
1,4096,4096,float32,compiled,layernorm,67108864,16384,134234112,67108864,0,134234112,67141632,67141632,201376768,335610880,1298137088,67125248,67158016,32768
1,512,1024,float32,eager,layernorm,2097152,4096,4198400,6291456,4194304,4198400,6293504,6293504,12590080,16788480,46137344,2101248,4200448,4196352
1,4096,1024,float32,compiled,layernorm,16777216,4096,33558528,16777216,0,33558528,16809984,16809984,50369536,83928064,371195904,16781312,16814080,32768
0,4096,1024,float32,compiled,rmsnorm,16777216,4096,33558528,16777216,0,33558528,16793600,16793600,50353152,83911680,337641472,16781312,16797696,16384
0,1,8192,bfloat16,compiled,rmsnorm,16384,16384,49152,16384,0,49152,16896,16896,115200,164352,2097152,32768,32772,4
0,512,8192,float32,compiled,layernorm,16777216,32768,33587200,16777216,0,33587200,16781312,16781312,50369536,83956736,304087040,16809984,16814080,4096
1,512,8192,bfloat16,compiled,layernorm,8388608,16384,16793600,8388608,0,16793600,8392704,8392704,58724352,75517952,329252864,8404992,8409088,4096
1,512,1024,bfloat16,compiled,rmsnorm,1048576,2048,2099200,1048576,0,2099200,1050624,1050624,7342080,9441280,52428800,1050624,1052672,2048
1,4096,1024,float32,eager,rmsnorm,16777216,4096,33558528,33554432,16777216,33558528,33570816,33570816,117462528,151021056,371195904,16781312,33574912,16793600
1,1,1024,bfloat16,compiled,rmsnorm,2048,2048,6144,2048,0,6144,2560,2560,14848,20992,2097152,4096,4100,4
0,32,8192,float32,compiled,layernorm,1048576,32768,2129920,1048576,0,2129920,1049600,1049600,3180544,5310464,31457280,1081344,1081600,256
1,1,8192,float32,eager,rmsnorm,32768,32768,98304,65536,32768,98304,66048,66048,198144,296448,2097152,65536,98308,32772
0,512,4096,float32,eager,layernorm,8388608,16384,16793600,25165824,16777216,16793600,25167872,25167872,50351104,67144704,186646528,8404992,16795648,16779264
0,512,4096,bfloat16,native,layernorm,4194304,8192,8396800,4198400,4096,8396800,4198400,4198400,29364224,37761024,144703488,4202496,4206592,4096
0,32,1024,float32,compiled,layernorm,131072,4096,266240,131072,0,266240,132096,132096,399360,665600,4194304,135168,135424,256
1,32,4096,float32,native,layernorm,524288,16384,1064960,525312,1024,1064960,525312,525312,1591296,2656256,10485760,540672,540928,256
1,32,8192,bfloat16,eager,layernorm,524288,16384,1064960,3178496,2654208,1064960,2654720,3703296,5834240,6899200,31457280,540672,2130048,2130048
1,4096,4096,float32,native,rmsnorm,67108864,16384,134234112,67125248,16384,134234112,67125248,67125248,201360384,335594496,1163919360,67125248,67141632,16384
0,1,4096,float32,compiled,rmsnorm,16384,16384,49152,16384,0,49152,16896,16896,67072,116224,2097152,32768,32772,4
1,4096,4096,bfloat16,compiled,layernorm,33554432,8192,67117056,33554432,0,67117056,33587200,33587200,234913792,302030848,1331691520,33562624,33595392,32768
1,512,4096,float32,native,layernorm,8388608,16384,16793600,8392704,4096,16793600,8392704,8392704,25187328,41980928,161480704,8404992,8409088,4096
0,32,4096,float32,native,rmsnorm,524288,16384,1064960,524800,512,1064960,524800,524800,1590784,2655744,10485760,540672,540800,128
0,1,4096,bfloat16,native,layernorm,8192,8192,24576,9216,1024,24576,9216,9216,58368,82944,2097152,16384,16392,8
0,32,8192,bfloat16,native,layernorm,524288,16384,1064960,525312,1024,1064960,525312,525312,3671040,4736000,27262976,540672,540928,256
1,512,8192,bfloat16,eager,layernorm,8388608,16384,16793600,50364416,41975808,16793600,41977856,58755072,92343296,109136896,396361728,8404992,33589248,33589248
1,1,8192,float32,eager,layernorm,32768,32768,98304,98304,65536,98304,98816,98816,230912,329216,2097152,65536,98308,65540
1,32,4096,float32,eager,layernorm,524288,16384,1064960,1572864,1048576,1064960,1573376,1573376,3163648,4228608,10485760,540672,1065088,1048704
0,4096,1024,bfloat16,eager,layernorm,8388608,2048,16779264,50335744,41947136,16779264,41963520,58740736,125855232,142634496,446693376,8390656,33574912,33574912
0,512,8192,bfloat16,native,layernorm,8388608,16384,16793600,8392704,4096,16793600,8392704,8392704,58724352,75517952,329252864,8404992,8409088,4096
1,32,4096,bfloat16,native,rmsnorm,262144,8192,532480,262656,512,532480,262656,262656,1835520,2368000,8388608,270336,270464,128
0,512,8192,float32,compiled,rmsnorm,16777216,32768,33587200,16777216,0,33587200,16779264,16779264,50367488,83954688,270532608,16809984,16812032,2048
1,32,1024,float32,native,rmsnorm,131072,4096,266240,131584,512,266240,131584,131584,398848,665088,4194304,135168,135296,128
1,1,1024,bfloat16,compiled,layernorm,2048,2048,6144,2048,0,6144,3072,3072,15360,21504,2097152,4096,4104,8
1,4096,8192,float32,eager,rmsnorm,134217728,32768,268468224,268435456,134217728,268468224,268451840,268451840,717276672,985744896,2598371328,134250496,268484608,134234112
0,1,8192,float32,compiled,layernorm,32768,32768,98304,32768,0,98304,33792,33792,133120,231424,2097152,65536,65544,8
0,1,4096,bfloat16,eager,layernorm,8192,8192,24576,65536,57344,24576,57856,74240,124416,148992,2097152,16384,49156,49156
0,1,1024,bfloat16,native,layernorm,2048,2048,6144,3072,1024,6144,3072,3072,15360,21504,2097152,4096,4104,8
0,4096,8192,float32,native,rmsnorm,134217728,32768,268468224,134234112,16384,268468224,134234112,134234112,402703360,671171584,2149580800,134250496,134266880,16384
0,1,8192,bfloat16,eager,rmsnorm,16384,16384,49152,131072,114688,49152,115200,147968,247296,296448,2097152,32768,98308,98308
0,512,4096,float32,compiled,rmsnorm,8388608,16384,16793600,8388608,0,16793600,8390656,8390656,25185280,41978880,144703488,8404992,8407040,2048
0,32,4096,bfloat16,compiled,rmsnorm,262144,8192,532480,262144,0,532480,262656,262656,1835520,2368000,8388608,270336,270464,128
1,512,4096,float32,eager,layernorm,8388608,16384,16793600,25165824,16777216,16793600,25167872,25167872,50351104,67144704,186646528,8404992,16795648,16779264
1,4096,8192,bfloat16,eager,rmsnorm,67108864,16384,134234112,402685952,335577088,134234112,335593472,469811200,784418304,918652416,2753560576,67125248,268484608,268484608
1,4096,4096,bfloat16,compiled,rmsnorm,33554432,8192,67117056,33554432,0,67117056,33570816,33570816,234897408,302014464,1197473792,33562624,33579008,16384
1,1,1024,float32,compiled,rmsnorm,4096,4096,12288,4096,0,12288,4608,4608,17920,30208,2097152,8192,8196,4
1,1,1024,bfloat16,native,rmsnorm,2048,2048,6144,2560,512,6144,2560,2560,14848,20992,2097152,4096,4100,4
0,1,8192,bfloat16,native,rmsnorm,16384,16384,49152,16896,512,49152,16896,16896,115200,164352,2097152,32768,32772,4
0,32,8192,float32,compiled,rmsnorm,1048576,32768,2129920,1048576,0,2129920,1049088,1049088,3180032,5309952,31457280,1081344,1081472,128
1,4096,4096,bfloat16,eager,rmsnorm,33554432,8192,67117056,201342976,167788544,67117056,167804928,234913792,413189632,480306688,1509949440,33562624,134250496,134250496
1,32,8192,float32,native,rmsnorm,1048576,32768,2129920,1049088,512,2129920,1049088,1049088,3180032,5309952,31457280,1081344,1081472,128
0,512,1024,bfloat16,compiled,rmsnorm,1048576,2048,2099200,1048576,0,2099200,1050624,1050624,7342080,9441280,52428800,1050624,1052672,2048
1,512,4096,bfloat16,compiled,rmsnorm,4194304,8192,8396800,4194304,0,8396800,4196352,4196352,29362176,37758976,127926272,4202496,4204544,2048
1,32,1024,bfloat16,native,rmsnorm,65536,2048,133120,66048,512,133120,66048,66048,459264,592384,2097152,67584,67712,128
1,32,4096,float32,compiled,rmsnorm,524288,16384,1064960,524288,0,1064960,524800,524800,1590784,2655744,10485760,540672,540800,128
1,32,4096,bfloat16,compiled,rmsnorm,262144,8192,532480,262144,0,532480,262656,262656,1835520,2368000,8388608,270336,270464,128
1,32,8192,bfloat16,native,rmsnorm,524288,16384,1064960,524800,512,1064960,524800,524800,3670528,4735488,27262976,540672,540800,128
1,4096,4096,float32,eager,rmsnorm,67108864,16384,134234112,134217728,67108864,134234112,134234112,134234112,379618816,513852928,1409286144,67125248,134250496,67125248
0,4096,1024,bfloat16,compiled,rmsnorm,8388608,2048,16779264,8388608,0,16779264,8404992,8404992,58736640,75515904,362807296,8390656,8407040,16384
0,1,8192,float32,eager,layernorm,32768,32768,98304,98304,65536,98304,98816,98816,230912,329216,2097152,65536,98308,65540
1,512,1024,bfloat16,compiled,layernorm,1048576,2048,2099200,1048576,0,2099200,1052672,1052672,7344128,9443328,52428800,1050624,1054720,4096
1,512,1024,bfloat16,native,layernorm,1048576,2048,2099200,1052672,4096,2099200,1052672,1052672,7344128,9443328,52428800,1050624,1054720,4096
1,32,1024,bfloat16,compiled,rmsnorm,65536,2048,133120,65536,0,133120,66048,66048,459264,592384,2097152,67584,67712,128
1,1,1024,bfloat16,native,layernorm,2048,2048,6144,3072,1024,6144,3072,3072,15360,21504,2097152,4096,4104,8
1,1,8192,bfloat16,eager,rmsnorm,16384,16384,49152,131072,114688,49152,115200,147968,247296,296448,2097152,32768,98308,98308
1,1,4096,float32,native,layernorm,16384,16384,49152,17408,1024,49152,17408,17408,67584,116736,2097152,32768,32776,8
1,32,4096,bfloat16,compiled,layernorm,262144,8192,532480,262144,0,532480,263168,263168,1836032,2368512,10485760,270336,270592,256
0,512,8192,float32,native,rmsnorm,16777216,32768,33587200,16779264,2048,33587200,16779264,16779264,50367488,83954688,270532608,16809984,16812032,2048
1,4096,8192,float32,eager,layernorm,134217728,32768,268468224,402653184,268435456,268468224,402669568,402669568,851494400,1119962624,3001024512,134250496,268484608,268451840
1,32,1024,float32,eager,rmsnorm,131072,4096,266240,262144,131072,266240,262656,262656,660992,927232,4194304,135168,266368,131200
1,4096,8192,bfloat16,native,rmsnorm,67108864,16384,134234112,67125248,16384,134234112,67125248,67125248,469778432,604012544,2216689664,67125248,67141632,16384
1,1,4096,bfloat16,native,layernorm,8192,8192,24576,9216,1024,24576,9216,9216,58368,82944,2097152,16384,16392,8
0,512,4096,float32,native,rmsnorm,8388608,16384,16793600,8390656,2048,16793600,8390656,8390656,25185280,41978880,144703488,8404992,8407040,2048
1,1,4096,float32,native,rmsnorm,16384,16384,49152,16896,512,49152,16896,16896,67072,116224,2097152,32768,32772,4
1,4096,1024,bfloat16,eager,layernorm,8388608,2048,16779264,50335744,41947136,16779264,41963520,58740736,125855232,142634496,446693376,8390656,33574912,33574912
0,32,4096,bfloat16,compiled,layernorm,262144,8192,532480,262144,0,532480,263168,263168,1836032,2368512,10485760,270336,270592,256
1,4096,8192,float32,compiled,rmsnorm,134217728,32768,268468224,134217728,0,268468224,134234112,134234112,402703360,671171584,2149580800,134250496,134266880,16384
0,1,1024,float32,compiled,rmsnorm,4096,4096,12288,4096,0,12288,4608,4608,17920,30208,2097152,8192,8196,4
0,32,1024,float32,compiled,rmsnorm,131072,4096,266240,131072,0,266240,131584,131584,398848,665088,4194304,135168,135296,128
1,32,4096,bfloat16,eager,layernorm,262144,8192,532480,1589248,1327104,532480,1327616,1851904,2917888,3450368,10485760,270336,1065088,1065088
0,4096,1024,bfloat16,native,rmsnorm,8388608,2048,16779264,8404992,16384,16779264,8404992,8404992,58736640,75515904,362807296,8390656,8407040,16384
1,512,1024,float32,eager,rmsnorm,2097152,4096,4198400,4194304,2097152,4198400,4196352,4196352,10492928,14691328,46137344,2101248,4200448,2099200
0,512,1024,float32,compiled,rmsnorm,2097152,4096,4198400,2097152,0,4198400,2099200,2099200,6298624,10497024,46137344,2101248,2103296,2048
0,1,8192,float32,eager,rmsnorm,32768,32768,98304,65536,32768,98304,66048,66048,198144,296448,2097152,65536,98308,32772
1,512,4096,bfloat16,eager,rmsnorm,4194304,8192,8396800,25182208,20987904,8396800,20989952,29378560,46173184,54569984,136314880,4202496,16795648,16795648
0,512,8192,float32,eager,rmsnorm,16777216,32768,33587200,33554432,16777216,33587200,33556480,33556480,83921920,117509120,320864256,16809984,33589248,16779264
1,1,1024,float32,native,layernorm,4096,4096,12288,5120,1024,12288,5120,5120,18432,30720,2097152,8192,8200,8
1,1,4096,bfloat16,eager,layernorm,8192,8192,24576,65536,57344,24576,57856,74240,124416,148992,2097152,16384,49156,49156
0,4096,4096,float32,compiled,rmsnorm,67108864,16384,134234112,67108864,0,134234112,67125248,67125248,201360384,335594496,1163919360,67125248,67141632,16384
1,512,8192,bfloat16,native,rmsnorm,8388608,16384,16793600,8390656,2048,16793600,8390656,8390656,58722304,75515904,295698432,8404992,8407040,2048
0,4096,8192,float32,compiled,layernorm,134217728,32768,268468224,134217728,0,268468224,134250496,134250496,402719744,671187968,2418016256,134250496,134283264,32768
1,1,4096,bfloat16,native,rmsnorm,8192,8192,24576,8704,512,24576,8704,8704,57856,82432,2097152,16384,16388,4
1,1,1024,bfloat16,eager,layernorm,2048,2048,6144,16384,14336,6144,14848,18944,32256,38400,2097152,4096,12292,12292
1,512,8192,bfloat16,compiled,rmsnorm,8388608,16384,16793600,8388608,0,16793600,8390656,8390656,58722304,75515904,295698432,8404992,8407040,2048
1,4096,8192,bfloat16,compiled,rmsnorm,67108864,16384,134234112,67108864,0,134234112,67125248,67125248,469778432,604012544,2216689664,67125248,67141632,16384
1,1,4096,bfloat16,compiled,layernorm,8192,8192,24576,8192,0,24576,9216,9216,58368,82944,2097152,16384,16392,8
0,4096,4096,bfloat16,native,rmsnorm,33554432,8192,67117056,33570816,16384,67117056,33570816,33570816,234897408,302014464,1197473792,33562624,33579008,16384
1,1,1024,float32,eager,rmsnorm,4096,4096,12288,8192,4096,12288,8704,8704,26112,38400,2097152,8192,12292,4100
1,512,1024,float32,compiled,rmsnorm,2097152,4096,4198400,2097152,0,4198400,2099200,2099200,6298624,10497024,46137344,2101248,2103296,2048
0,4096,1024,float32,eager,rmsnorm,16777216,4096,33558528,33554432,16777216,33558528,33570816,33570816,117462528,151021056,371195904,16781312,33574912,16793600
1,4096,8192,float32,native,layernorm,134217728,32768,268468224,134250496,32768,268468224,134250496,134250496,402719744,671187968,2418016256,134250496,134283264,32768
0,512,1024,float32,eager,rmsnorm,2097152,4096,4198400,4194304,2097152,4198400,4196352,4196352,10492928,14691328,46137344,2101248,4200448,2099200
0,4096,1024,float32,compiled,layernorm,16777216,4096,33558528,16777216,0,33558528,16809984,16809984,50369536,83928064,371195904,16781312,16814080,32768
0,1,1024,float32,eager,rmsnorm,4096,4096,12288,8192,4096,12288,8704,8704,26112,38400,2097152,8192,12292,4100
1,32,1024,bfloat16,compiled,layernorm,65536,2048,133120,65536,0,133120,66560,66560,459776,592896,4194304,67584,67840,256
0,512,1024,bfloat16,compiled,layernorm,1048576,2048,2099200,1048576,0,2099200,1052672,1052672,7344128,9443328,52428800,1050624,1054720,4096
0,32,8192,float32,eager,rmsnorm,1048576,32768,2129920,2097152,1048576,2129920,2097664,2097664,5277184,7407104,31457280,1081344,2130048,1048704
1,4096,8192,bfloat16,native,layernorm,67108864,16384,134234112,67141632,32768,134234112,67141632,67141632,469794816,604028928,2485125120,67125248,67158016,32768
1,4096,1024,bfloat16,eager,rmsnorm,8388608,2048,16779264,50335744,41947136,16779264,41963520,58740736,125855232,142634496,413138944,8390656,33574912,33574912
0,32,4096,bfloat16,eager,layernorm,262144,8192,532480,1589248,1327104,532480,1327616,1851904,2917888,3450368,10485760,270336,1065088,1065088
0,1,8192,bfloat16,compiled,layernorm,16384,16384,49152,16384,0,49152,17408,17408,115712,164864,2097152,32768,32776,8
0,1,1024,bfloat16,compiled,rmsnorm,2048,2048,6144,2048,0,6144,2560,2560,14848,20992,2097152,4096,4100,4
1,4096,1024,float32,native,rmsnorm,16777216,4096,33558528,16793600,16384,33558528,16793600,16793600,50353152,83911680,337641472,16781312,16797696,16384
1,512,4096,float32,compiled,layernorm,8388608,16384,16793600,8388608,0,16793600,8392704,8392704,25187328,41980928,161480704,8404992,8409088,4096
1,32,8192,float32,eager,layernorm,1048576,32768,2129920,3145728,2097152,2129920,3146240,3146240,6325760,8455680,31457280,1081344,2130048,2097280
1,512,8192,float32,native,layernorm,16777216,32768,33587200,16781312,4096,33587200,16781312,16781312,50369536,83956736,304087040,16809984,16814080,4096
0,512,4096,bfloat16,eager,rmsnorm,4194304,8192,8396800,25182208,20987904,8396800,20989952,29378560,46173184,54569984,136314880,4202496,16795648,16795648
1,4096,4096,float32,compiled,rmsnorm,67108864,16384,134234112,67108864,0,134234112,67125248,67125248,201360384,335594496,1163919360,67125248,67141632,16384
1,4096,1024,float32,eager,layernorm,16777216,4096,33558528,50331648,33554432,33558528,50348032,50348032,134239744,167798272,421527552,16781312,33574912,33570816
1,32,4096,bfloat16,native,layernorm,262144,8192,532480,263168,1024,532480,263168,263168,1836032,2368512,10485760,270336,270592,256
0,512,4096,float32,native,layernorm,8388608,16384,16793600,8392704,4096,16793600,8392704,8392704,25187328,41980928,161480704,8404992,8409088,4096
0,1,4096,float32,compiled,layernorm,16384,16384,49152,16384,0,49152,17408,17408,67584,116736,2097152,32768,32776,8
0,32,8192,bfloat16,native,rmsnorm,524288,16384,1064960,524800,512,1064960,524800,524800,3670528,4735488,27262976,540672,540800,128
1,512,8192,float32,eager,rmsnorm,16777216,32768,33587200,33554432,16777216,33587200,33556480,33556480,83921920,117509120,320864256,16809984,33589248,16779264
1,32,4096,bfloat16,eager,rmsnorm,262144,8192,532480,1589248,1327104,532480,1327616,1851904,2917888,3450368,8388608,270336,1065088,1065088
1,4096,4096,bfloat16,eager,layernorm,33554432,8192,67117056,201342976,167788544,67117056,167804928,234913792,413189632,480306688,1644167168,33562624,134250496,134250496
0,512,1024,bfloat16,native,layernorm,1048576,2048,2099200,1052672,4096,2099200,1052672,1052672,7344128,9443328,52428800,1050624,1054720,4096
0,512,4096,float32,eager,rmsnorm,8388608,16384,16793600,16777216,8388608,16793600,16779264,16779264,41962496,58756096,153092096,8404992,16795648,8390656
1,32,8192,float32,compiled,rmsnorm,1048576,32768,2129920,1048576,0,2129920,1049088,1049088,3180032,5309952,31457280,1081344,1081472,128
0,32,4096,bfloat16,native,layernorm,262144,8192,532480,263168,1024,532480,263168,263168,1836032,2368512,10485760,270336,270592,256
1,512,1024,bfloat16,eager,rmsnorm,1048576,2048,2099200,6295552,5246976,2099200,5249024,7346176,11545600,13644800,52428800,1050624,4200448,4200448
1,512,4096,bfloat16,eager,layernorm,4194304,8192,8396800,25182208,20987904,8396800,20989952,29378560,46173184,54569984,153092096,4202496,16795648,16795648
0,1,8192,float32,native,layernorm,32768,32768,98304,33792,1024,98304,33792,33792,133120,231424,2097152,65536,65544,8
1,4096,4096,bfloat16,native,rmsnorm,33554432,8192,67117056,33570816,16384,67117056,33570816,33570816,234897408,302014464,1197473792,33562624,33579008,16384
0,1,8192,bfloat16,eager,layernorm,16384,16384,49152,131072,114688,49152,115200,147968,247296,296448,2097152,32768,98308,98308
0,4096,8192,bfloat16,eager,rmsnorm,67108864,16384,134234112,402685952,335577088,134234112,335593472,469811200,784418304,918652416,2753560576,67125248,268484608,268484608
1,4096,1024,bfloat16,compiled,rmsnorm,8388608,2048,16779264,8388608,0,16779264,8404992,8404992,58736640,75515904,362807296,8390656,8407040,16384
0,512,4096,bfloat16,compiled,layernorm,4194304,8192,8396800,4194304,0,8396800,4198400,4198400,29364224,37761024,144703488,4202496,4206592,4096
1,4096,1024,bfloat16,native,rmsnorm,8388608,2048,16779264,8404992,16384,16779264,8404992,8404992,58736640,75515904,362807296,8390656,8407040,16384
0,4096,8192,float32,eager,rmsnorm,134217728,32768,268468224,268435456,134217728,268468224,268451840,268451840,717276672,985744896,2598371328,134250496,268484608,134234112
0,32,1024,bfloat16,eager,layernorm,65536,2048,133120,397312,331776,133120,332288,463360,730624,863744,4194304,67584,266368,266368
1,32,8192,float32,compiled,layernorm,1048576,32768,2129920,1048576,0,2129920,1049600,1049600,3180544,5310464,31457280,1081344,1081600,256
0,1,4096,float32,eager,rmsnorm,16384,16384,49152,32768,16384,49152,33280,33280,99840,148992,2097152,32768,49156,16388
0,32,1024,bfloat16,compiled,rmsnorm,65536,2048,133120,65536,0,133120,66048,66048,459264,592384,2097152,67584,67712,128
1,32,4096,float32,compiled,layernorm,524288,16384,1064960,524288,0,1064960,525312,525312,1591296,2656256,10485760,540672,540928,256
0,4096,8192,bfloat16,compiled,layernorm,67108864,16384,134234112,67108864,0,134234112,67141632,67141632,469794816,604028928,2485125120,67125248,67158016,32768
1,32,8192,float32,eager,rmsnorm,1048576,32768,2129920,2097152,1048576,2129920,2097664,2097664,5277184,7407104,31457280,1081344,2130048,1048704
1,32,8192,bfloat16,compiled,layernorm,524288,16384,1064960,524288,0,1064960,525312,525312,3671040,4736000,27262976,540672,540928,256
0,4096,1024,float32,native,layernorm,16777216,4096,33558528,16809984,32768,33558528,16809984,16809984,50369536,83928064,371195904,16781312,16814080,32768
0,512,8192,bfloat16,compiled,layernorm,8388608,16384,16793600,8388608,0,16793600,8392704,8392704,58724352,75517952,329252864,8404992,8409088,4096
1,512,1024,float32,native,layernorm,2097152,4096,4198400,2101248,4096,4198400,2101248,2101248,6300672,10499072,46137344,2101248,2105344,4096
1,32,8192,float32,native,layernorm,1048576,32768,2129920,1049600,1024,2129920,1049600,1049600,3180544,5310464,31457280,1081344,1081600,256
0,4096,1024,bfloat16,native,layernorm,8388608,2048,16779264,8421376,32768,16779264,8421376,8421376,58753024,75532288,396361728,8390656,8423424,32768
1,4096,1024,float32,native,layernorm,16777216,4096,33558528,16809984,32768,33558528,16809984,16809984,50369536,83928064,371195904,16781312,16814080,32768
0,32,4096,float32,eager,rmsnorm,524288,16384,1064960,1048576,524288,1064960,1049088,1049088,2639360,3704320,10485760,540672,1065088,524416
1,512,8192,float32,native,rmsnorm,16777216,32768,33587200,16779264,2048,33587200,16779264,16779264,50367488,83954688,270532608,16809984,16812032,2048
0,512,4096,float32,compiled,layernorm,8388608,16384,16793600,8388608,0,16793600,8392704,8392704,25187328,41980928,161480704,8404992,8409088,4096
0,1,1024,float32,native,layernorm,4096,4096,12288,5120,1024,12288,5120,5120,18432,30720,2097152,8192,8200,8
0,4096,4096,float32,eager,layernorm,67108864,16384,134234112,201326592,134217728,134234112,201342976,201342976,446727680,580961792,1610612736,67125248,134250496,134234112
1,1,8192,float32,compiled,rmsnorm,32768,32768,98304,32768,0,98304,33280,33280,132608,230912,2097152,65536,65540,4
1,512,4096,float32,compiled,rmsnorm,8388608,16384,16793600,8388608,0,16793600,8390656,8390656,25185280,41978880,144703488,8404992,8407040,2048
1,4096,8192,float32,compiled,layernorm,134217728,32768,268468224,134217728,0,268468224,134250496,134250496,402719744,671187968,2418016256,134250496,134283264,32768
0,32,8192,bfloat16,compiled,layernorm,524288,16384,1064960,524288,0,1064960,525312,525312,3671040,4736000,27262976,540672,540928,256
1,32,1024,bfloat16,native,layernorm,65536,2048,133120,66560,1024,133120,66560,66560,459776,592896,4194304,67584,67840,256
0,512,8192,bfloat16,native,rmsnorm,8388608,16384,16793600,8390656,2048,16793600,8390656,8390656,58722304,75515904,295698432,8404992,8407040,2048
0,4096,4096,bfloat16,compiled,layernorm,33554432,8192,67117056,33554432,0,67117056,33587200,33587200,234913792,302030848,1331691520,33562624,33595392,32768
